n_playout,max_steps,accuracy
5,10,0.9130769230769231
5,20,0.9173076923076923
5,30,0.9173076923076923
5,50,0.9173076923076923
15,10,0.9515384615384616
15,20,0.9515384615384616
15,30,0.9515384615384616
15,50,0.9515384615384616
20,10,0.9346153846153846
20,20,0.938076923076923
20,30,0.938076923076923
20,50,0.938076923076923
10,10,0.9207692307692308
10,20,0.9273076923076923
10,30,0.9273076923076923
10,50,0.9273076923076923
