epoch,train_loss,train_acc,test_loss,test_acc
0,0.025314495956095365,0.9254807692307693,0.016386587569844322,0.9616564417177914
1,0.015917309540180634,0.9589423076923077,0.01636421668737487,0.9608895705521472
2,0.012912249187849318,0.9625961538461538,0.013924127727449855,0.9605061349693251
3,0.011517799545097379,0.9609615384615384,0.010920546348085284,0.963957055214724
4,0.010545502379413497,0.9627884615384615,0.01085747178948193,0.9593558282208589
