epoch,train_loss,train_acc,test_loss,test_acc
0,0.0337127304990561,0.8822115384615384,0.02300442152433783,0.9582055214723927
1,0.017033572112783217,0.9567307692307693,0.01625392048911083,0.9616564417177914
2,0.012389420649000945,0.9625,0.01247359047632413,0.9624233128834356
3,0.009928735957342165,0.9672115384615385,0.00904289998145891,0.9723926380368099
4,0.008990618673639032,0.9670192307692308,0.007540403299315396,0.968941717791411
