epoch,train_loss,train_acc,test_loss,test_acc
0,0.5786439174413681,0.7369230769230769,0.5745402274687598,0.7388803680981595
1,0.5776622034494694,0.7369230769230769,0.5746810622741839,0.7388803680981595
2,0.5772511941194535,0.7369230769230769,0.5752432931420262,0.7388803680981595
3,0.5771925300359726,0.7369230769230769,0.5744635406081662,0.7388803680981595
4,0.576928723683724,0.7369230769230769,0.5745456023084605,0.7388803680981595
