epoch,train_loss,train_acc,test_loss,test_acc
0,0.019542208666655545,0.9271153846153846,0.014073539934651868,0.9423076923076923
1,0.010633012647873955,0.96125,0.012169162145063847,0.9707692307692307
2,0.008688576451617362,0.9673076923076923,0.008466220718124065,0.9742307692307692
3,0.006634308567408937,0.9726923076923077,0.00923180631870759,0.9607692307692308
4,0.004672353013269899,0.9806730769230769,0.005660006202905796,0.9803846153846154
